Topics,Intent
 bank  banking  investment  business  financial  customer  also  service  account  need  time  experience  company  one  finance  banker  get  capital  year  new,banking
 bank  banking  investment  business  customer  financial  one  time  account  service  also  finance  banker  need  year  get  company  industry  new  capital,banking
 bank  investment  banking  customer  service  financial  business  account  one  also  company  finance  banker  year  time  need  industry  work  experience  get,banking
 bank  banking  customer  investment  financial  also  business  one  year  get  service  time  company  banker  need  industry  account  finance  experience  offer,banking
 bank  banking  customer  investment  business  service  also  one  finance  financial  year  company  banker  account  time  need  get  make  industry  money,banking
 bank  banking  customer  investment  business  finance  account  financial  time  company  service  banker  loan  work  one  also  year  money  job  experience,banking
 bank  customer  banking  investment  business  account  service  time  also  financial  get  finance  experience  company  one  industry  need  credit  year  loan,banking
 bank  banking  investment  customer  financial  business  also  finance  one  service  time  account  need  get  industry  job  company  make  experience  work,banking
 bank  banking  customer  investment  business  financial  also  service  finance  experience  need  get  time  account  year  credit  new  banker  one  job,banking
 bank  banking  investment  customer  business  one  financial  service  need  time  banker  account  also  get  finance  company  capital  work  year  money,banking
 bank  banking  investment  customer  business  service  also  financial  account  time  one  year  need  experience  banker  finance  industry  company  may  get,banking
 bank  banking  investment  customer  business  also  financial  account  finance  service  need  one  industry  experience  banker  get  credit  year  company  uk,banking
 bank  banking  customer  investment  financial  service  also  experience  business  account  banker  need  one  finance  time  get  job  new  year  credit,banking
 bank  banking  investment  business  customer  financial  also  service  one  experience  time  industry  finance  make  company  money  start  get  need  year,banking
 bank  banking  investment  business  customer  also  account  financial  service  company  one  experience  time  industry  finance  year  new  get  credit  work,banking
 bank  banking  customer  business  investment  financial  need  one  get  time  service  account  also  finance  company  money  industry  offer  help  banker,banking
 bank  banking  investment  customer  financial  business  account  service  one  time  year  also  company  get  banker  make  finance  capital  money  credit,banking
 bank  banking  customer  investment  business  account  service  company  also  experience  financial  industry  finance  get  banker  year  time  one  need  start,banking
 bank  banking  customer  investment  business  also  time  one  financial  account  finance  service  banker  experience  industry  get  capital  money  job  work,banking
 bank  banking  investment  customer  business  account  one  finance  financial  time  also  year  banker  company  service  experience  need  job  india  work,banking
 bank  banking  investment  customer  financial  also  account  business  service  need  one  time  banker  experience  make  get  year  loan  capital  new,banking
 bank  banking  customer  investment  financial  service  also  account  business  one  finance  experience  get  need  time  banker  company  may  year  money,banking
 bank  banking  investment  customer  business  financial  also  account  service  get  one  banker  need  time  year  money  industry  finance  work  experience,banking
 bank  banking  customer  investment  business  service  finance  financial  one  also  banker  account  year  get  time  loan  industry  new  company  experience,banking
 bank  banking  customer  investment  business  financial  service  also  account  one  time  finance  need  company  get  experience  banker  year  industry  money,banking
 bank  banking  customer  investment  financial  service  also  business  one  account  need  uk  time  industry  finance  get  company  first  experience  make,banking
 bank  banking  customer  investment  business  service  financial  also  time  finance  one  account  need  get  banker  industry  year  experience  work  company,banking
 bank  banking  investment  business  customer  financial  account  banker  need  time  service  also  finance  one  get  year  work  industry  experience  company,banking
 bank  banking  customer  investment  business  financial  service  one  account  also  get  company  time  finance  make  year  banker  credit  job  need,banking
 bank  investment  banking  customer  financial  business  time  also  experience  account  service  need  one  company  get  finance  year  credit  banker  new,banking
 bank  banking  investment  customer  business  financial  service  also  finance  account  need  one  time  money  get  banker  year  company  experience  india,banking
 bank  banking  customer  investment  business  service  financial  time  one  money  finance  also  industry  experience  account  banker  company  work  need  top,banking
 bank  customer  banking  investment  business  also  financial  account  need  get  time  service  experience  one  credit  finance  banker  company  year  industry,banking
 bank  banking  customer  business  investment  financial  service  get  one  account  finance  also  time  need  industry  experience  company  year  money  help,banking
 bank  banking  investment  customer  business  account  financial  finance  banker  get  service  one  time  also  company  experience  industry  year  start  make,banking
 bank  banking  customer  investment  business  service  time  account  finance  also  company  financial  get  year  banker  need  industry  experience  money  start,banking
 bank  banking  customer  business  service  financial  investment  one  banker  company  need  time  make  also  finance  money  industry  account  credit  work,banking
 bank  banking  customer  investment  business  account  also  financial  one  year  company  experience  service  need  time  industry  finance  get  loan  like,banking
 bank  banking  customer  investment  service  also  financial  business  account  finance  time  company  need  one  year  get  job  start  money  credit,banking
 bank  banking  investment  customer  business  account  financial  service  company  also  finance  one  industry  time  year  credit  get  banker  work  need,banking
 bank  banking  customer  investment  business  financial  service  also  one  company  capital  year  need  time  money  experience  account  banker  finance  take,banking
 bank  banking  customer  investment  business  service  financial  account  get  one  also  need  year  time  finance  industry  company  loan  experience  money,banking
 bank  banking  customer  investment  financial  business  finance  get  also  service  account  year  one  need  experience  time  credit  work  take  industry,banking
 bank  customer  banking  investment  business  account  service  industry  finance  time  year  also  one  need  financial  get  experience  banker  work  start,banking
 bank  banking  customer  investment  business  financial  also  one  finance  time  account  year  experience  service  get  credit  need  company  banker  uk,banking
 bank  banking  customer  investment  business  financial  need  one  account  service  time  also  finance  money  get  industry  new  security  help  experience,banking
 bank  customer  banking  investment  service  financial  business  account  need  finance  time  one  also  money  company  new  experience  banker  work  industry,banking
 bank  banking  customer  investment  financial  account  business  finance  one  also  experience  need  year  industry  get  time  service  banker  company  work,banking
 bank  customer  banking  investment  business  service  financial  one  account  need  experience  also  money  credit  year  time  industry  get  finance  want,banking
 bank  banking  customer  investment  business  service  also  financial  account  finance  one  time  need  experience  banker  get  company  credit  loan  year,banking
 bank  banking  investment  customer  business  financial  service  account  year  also  one  company  experience  credit  industry  need  banker  time  finance  capital,banking
 bank  banking  investment  customer  financial  business  also  need  time  one  service  finance  industry  account  get  experience  credit  company  year  job,banking
 bank  banking  investment  customer  business  time  service  financial  also  banker  year  account  job  need  one  industry  get  company  credit  money,banking
 bank  banking  investment  customer  business  financial  time  account  industry  also  service  year  money  need  one  finance  experience  banker  get  company,banking
 bank  investment  banking  customer  business  service  also  financial  account  one  industry  time  finance  banker  year  money  experience  loan  need  company,banking
 bank  banking  investment  customer  business  financial  also  experience  account  need  one  service  time  company  finance  year  banker  industry  get  make,banking
 bank  banking  investment  customer  business  also  one  financial  service  company  banker  account  time  industry  finance  experience  get  credit  need  youre,banking
 bank  banking  customer  investment  financial  account  also  service  time  one  need  industry  year  business  company  credit  experience  finance  make  help,banking
 bank  banking  customer  investment  financial  business  need  also  service  one  time  finance  account  company  industry  banker  get  good  year  money,banking
 bank  banking  customer  investment  business  account  also  year  one  get  need  finance  company  industry  service  new  financial  time  banker  job,banking
 bank  investment  customer  banking  business  time  also  account  financial  finance  service  one  get  experience  money  industry  banker  make  need  capital,banking
 bank  customer  banking  investment  business  financial  service  account  also  one  banker  need  year  time  finance  credit  start  company  get  new,banking
 bank  banking  investment  customer  business  one  time  also  need  finance  company  get  account  year  service  financial  banker  industry  loan  may,banking
 bank  banking  investment  customer  business  service  account  financial  get  uk  also  time  banker  finance  need  one  company  like  industry  year,banking
 bank  banking  customer  investment  business  service  financial  account  one  finance  industry  also  company  year  banker  experience  time  job  get  need,banking
 bank  banking  investment  customer  also  financial  one  time  business  get  account  company  finance  need  service  credit  industry  money  banker  uk,banking
 bank  investment  banking  customer  business  also  financial  year  time  need  money  finance  company  get  service  account  experience  industry  india  one,banking
 bank  customer  banking  investment  business  also  one  service  account  time  financial  finance  need  industry  year  experience  banker  uk  company  start,banking
 bank  banking  investment  customer  business  time  also  account  industry  financial  finance  one  service  need  banker  get  start  experience  work  loan,banking
 bank  investment  banking  customer  business  also  financial  service  time  account  finance  one  banker  need  company  work  get  new  industry  start,banking
 bank  banking  investment  customer  business  year  one  account  service  need  finance  time  financial  industry  company  also  credit  experience  new  make,banking
 bank  customer  banking  business  investment  financial  time  one  also  service  get  industry  finance  banker  year  experience  need  credit  company  work,banking
 bank  banking  customer  business  investment  financial  time  service  account  also  finance  get  company  one  banker  year  money  need  make  industry,banking
 bank  banking  customer  service  investment  financial  business  time  account  also  year  need  finance  one  work  experience  credit  get  banker  company,banking
 bank  banking  investment  customer  financial  finance  time  service  one  business  account  also  company  get  industry  banker  year  work  need  money,banking
 bank  banking  customer  business  investment  financial  account  service  need  finance  time  year  one  company  experience  industry  also  banker  money  loan,banking
 bank  banking  investment  service  business  financial  customer  also  finance  account  need  experience  one  banker  time  industry  company  get  capital  year,banking
 bank  banking  investment  customer  financial  service  also  one  business  company  banker  year  need  get  finance  loan  industry  time  experience  account,banking
 bank  banking  investment  customer  financial  business  service  industry  company  also  time  need  one  account  experience  get  banker  year  loan  make,banking
 bank  investment  customer  banking  financial  need  business  finance  also  service  year  time  account  start  one  experience  new  banker  industry  get,banking
 bank  banking  customer  investment  also  account  business  financial  finance  time  company  service  capital  get  industry  one  need  experience  year  top,banking
 bank  banking  customer  investment  business  account  service  financial  one  finance  time  also  need  experience  year  get  company  banker  industry  help,banking
 bank  banking  customer  business  investment  also  financial  service  account  one  finance  need  company  time  year  work  credit  experience  loan  new,banking
 bank  banking  customer  investment  business  one  time  also  service  need  banker  experience  financial  credit  account  new  finance  industry  job  may,banking
 bank  customer  banking  investment  financial  service  one  business  finance  also  time  account  credit  company  need  banker  year  industry  get  uk,banking
 bank  banking  customer  investment  business  service  one  finance  account  also  financial  banker  need  experience  year  money  credit  industry  get  loan,banking
 bank  banking  customer  investment  business  service  one  account  financial  need  time  also  banker  get  year  make  money  finance  experience  security,banking
 bank  banking  customer  investment  business  one  financial  account  need  year  service  also  get  finance  industry  experience  company  time  may  job,banking
 bank  banking  customer  one  financial  service  business  investment  account  finance  get  need  company  also  industry  banker  capital  credit  top  experience,banking
 bank  banking  customer  investment  business  service  finance  financial  time  account  also  money  industry  need  get  one  make  banker  company  new,banking
 bank  banking  customer  business  investment  financial  one  time  also  company  year  account  banker  service  experience  industry  need  many  get  loan,banking
 bank  banking  customer  investment  financial  business  also  one  company  year  service  time  experience  account  banker  get  make  industry  need  capital,banking
 bank  banking  customer  service  business  investment  time  one  account  financial  also  experience  year  get  banker  need  loan  uk  company  finance,banking
 bank  customer  investment  banking  finance  business  also  account  company  financial  service  time  need  one  get  banker  industry  credit  year  work,banking
 bank  banking  customer  investment  business  also  service  time  finance  financial  one  need  get  banker  account  year  money  company  industry  credit,banking
 bank  banking  investment  customer  business  service  financial  account  get  also  time  one  banker  capital  offer  industry  need  company  year  finance,banking
 bank  investment  banking  customer  business  financial  also  service  one  account  time  experience  year  company  finance  industry  need  money  get  work,banking
 bank  banking  customer  investment  account  business  financial  new  service  experience  also  finance  get  industry  banker  time  company  need  one  may,banking
 bank  banking  customer  service  investment  business  one  account  time  financial  also  company  finance  get  banker  year  need  experience  top  work,banking
 bank  banking  business  customer  investment  financial  one  company  account  service  finance  also  industry  need  banker  time  work  get  credit  make,banking
 bank  customer  investment  banking  business  financial  also  service  account  company  year  time  need  get  work  one  experience  money  finance  credit,banking
 bank  banking  investment  customer  financial  finance  also  account  business  experience  money  need  banker  service  one  year  get  work  industry  youre,banking
 bank  banking  investment  customer  financial  business  finance  service  account  one  time  banker  industry  experience  get  also  need  company  year  work,banking
 bank  customer  banking  business  financial  investment  also  time  service  industry  finance  one  credit  account  experience  need  money  year  loan  company,banking
 bank  banking  customer  investment  business  financial  also  service  time  one  get  account  company  industry  need  finance  year  make  like  experience,banking
 bank  banking  customer  investment  business  also  account  financial  one  service  year  money  banker  time  new  capital  need  get  industry  experience,banking
 bank  investment  customer  banking  business  one  also  financial  service  account  get  need  experience  company  industry  finance  time  year  money  new,banking
 bank  banking  customer  investment  business  financial  service  industry  also  experience  time  account  finance  company  one  banker  year  offer  community  may,banking
 bank  banking  investment  customer  business  service  financial  need  account  finance  time  money  banker  one  get  new  industry  job  also  experience,banking
 bank  banking  customer  investment  business  service  financial  also  account  time  one  get  need  experience  company  banker  money  industry  year  job,banking
 bank  banking  investment  customer  also  business  financial  service  time  finance  company  account  year  get  one  banker  need  help  capital  market,banking
 bank  banking  investment  business  customer  also  account  one  financial  service  industry  time  finance  company  need  experience  banker  credit  year  work,banking
 bank  banking  customer  investment  financial  business  account  need  also  year  service  one  company  get  time  banker  finance  experience  make  credit,banking
 bank  banking  customer  investment  business  account  service  financial  finance  need  also  time  get  money  year  company  industry  banker  one  loan,banking
 bank  banking  investment  customer  financial  one  also  business  finance  account  service  industry  money  year  experience  need  get  work  credit  capital,banking
 bank  customer  investment  business  banking  service  finance  year  also  financial  need  company  industry  time  account  one  first  credit  may  banker,banking
 bank  banking  customer  investment  business  finance  financial  one  service  time  account  also  banker  year  capital  work  industry  job  experience  uk,banking
 bank  banking  investment  customer  business  service  need  financial  account  time  finance  also  banker  one  industry  year  experience  credit  company  new,banking
 bank  investment  banking  customer  business  financial  one  service  banker  also  time  finance  company  get  industry  need  money  account  year  first,banking
 bank  banking  customer  financial  business  service  investment  also  account  company  need  experience  year  get  banker  one  time  finance  work  industry,banking
 bank  banking  customer  investment  business  financial  also  finance  year  industry  account  service  time  need  one  capital  banker  experience  get  help,banking
 bank  banking  investment  business  customer  account  financial  finance  also  service  industry  time  need  banker  year  experience  company  one  make  new,banking
 bank  banking  investment  customer  financial  business  service  banker  company  finance  account  time  industry  new  experience  like  need  also  one  get,banking
 bank  customer  banking  investment  business  also  financial  one  service  finance  get  company  need  banker  experience  year  industry  time  money  credit,banking
 bank  banking  customer  investment  service  business  also  financial  experience  banker  account  one  time  need  year  company  finance  work  industry  loan,banking
 bank  banking  customer  investment  business  financial  account  one  year  also  time  industry  company  service  get  banker  experience  credit  may  money,banking
 bank  banking  customer  investment  time  also  service  business  financial  finance  year  get  experience  company  one  banker  need  account  industry  loan,banking
 bank  banking  investment  customer  financial  business  service  time  one  company  get  account  also  need  money  industry  make  finance  new  banker,banking
 bank  banking  customer  investment  financial  business  service  also  account  company  need  get  time  finance  money  experience  credit  like  work  year,banking
 bank  banking  investment  customer  business  financial  service  finance  get  make  account  time  experience  one  need  year  also  first  company  new,banking
 bank  customer  banking  investment  business  account  also  service  company  financial  one  time  year  need  finance  industry  banker  experience  make  uk,banking
 bank  banking  investment  business  customer  time  service  get  financial  experience  account  banker  also  industry  money  one  finance  year  need  work,banking
 bank  banking  customer  investment  business  service  one  industry  time  also  credit  financial  company  banker  finance  experience  get  money  account  new,banking
 bank  banking  investment  customer  business  service  financial  account  finance  one  also  time  get  company  banker  year  industry  like  experience  credit,banking
 bank  investment  banking  customer  business  account  one  also  banker  finance  company  industry  service  experience  time  money  financial  need  get  credit,banking
 bank  banking  customer  investment  business  time  financial  service  account  also  industry  one  company  experience  banker  finance  credit  loan  get  year,banking
 bank  investment  customer  banking  service  account  also  financial  year  business  need  banker  one  capital  company  industry  time  finance  get  work,banking
 bank  banking  investment  customer  service  business  finance  time  account  financial  get  industry  also  work  banker  one  experience  company  need  help,banking
 bank  banking  investment  customer  business  financial  account  also  service  one  finance  industry  time  need  banker  money  year  get  offer  job,banking
 bank  banking  investment  customer  business  financial  service  one  also  account  get  banker  finance  company  industry  work  time  experience  credit  like,banking
 bank  banking  customer  investment  business  financial  account  also  one  time  finance  banker  company  need  service  year  experience  job  get  credit,banking
 onpremises  strange  habitually  cravath  bank  banking  customer  skewed  investment  service  financial  business  experience  finance  need  industry  year  time  one  money,banking
 bank  banking  customer  investment  service  financial  also  business  finance  experience  account  time  banker  industry  one  company  new  need  get  make,banking
 bank  banking  customer  business  investment  financial  finance  experience  service  one  also  account  need  get  industry  year  time  money  company  banker,banking
 bank  banking  customer  investment  financial  business  service  also  banker  account  year  one  need  experience  time  company  finance  loan  industry  get,banking
 bank  banking  investment  customer  business  account  also  financial  finance  get  service  experience  year  time  credit  start  need  one  industry  new,banking
 bank  banking  customer  investment  business  also  account  financial  one  service  company  get  need  experience  year  help  banker  like  finance  time,banking
 bank  banking  investment  business  customer  service  one  financial  time  need  company  finance  also  money  account  industry  experience  banker  get  loan,banking
 bank  banking  investment  customer  business  one  service  financial  account  need  experience  banker  industry  get  time  also  security  year  work  money,banking
 bank  banking  customer  also  service  investment  business  need  financial  year  finance  industry  account  get  one  time  company  experience  uk  banker,banking
 bank  banking  customer  investment  financial  account  business  also  service  time  need  one  banker  company  finance  year  experience  credit  new  work,banking
 bank  banking  investment  customer  business  also  financial  company  service  finance  time  experience  one  account  need  year  start  get  make  capital,banking
 bank  banking  investment  customer  business  financial  time  account  service  also  one  industry  company  need  banker  make  get  finance  experience  work,banking
 bank  banking  customer  investment  business  service  financial  also  one  account  need  banker  company  industry  work  security  finance  time  like  money,banking
 bank  banking  customer  investment  financial  time  business  service  finance  year  also  company  account  one  need  money  get  industry  banker  credit,banking
 bank  banking  investment  customer  business  financial  finance  also  time  industry  one  service  year  account  get  money  may  need  experience  company,banking
 bank  banking  investment  customer  business  company  service  financial  account  also  need  industry  year  one  finance  experience  get  credit  time  starting,banking
 bank  banking  customer  investment  financial  business  also  service  time  get  account  need  one  finance  year  banker  company  experience  money  work,banking
 bank  banking  customer  investment  business  financial  also  service  finance  get  industry  time  year  need  one  money  credit  account  banker  loan,banking
 bank  banking  investment  customer  service  financial  business  finance  time  account  also  get  one  company  industry  banker  year  credit  work  experience,banking
 bank  banking  investment  customer  business  financial  also  get  account  one  banker  make  time  need  finance  service  industry  company  loan  experience,banking
 bank  customer  banking  investment  business  finance  one  need  year  time  also  account  service  company  get  industry  financial  banker  experience  credit,banking
 bank  banking  customer  business  investment  financial  service  year  one  account  finance  company  also  experience  get  need  make  time  banker  uk,banking
 bank  banking  customer  business  need  investment  financial  account  also  finance  service  company  one  get  time  experience  first  industry  banker  offer,banking
 bank  banking  customer  business  investment  service  financial  finance  also  one  credit  time  account  industry  banker  company  get  need  year  top,banking
 bank  banking  business  customer  investment  financial  also  time  need  get  one  work  year  finance  company  make  account  banker  security  service,banking
 bank  banking  investment  customer  financial  account  business  also  get  experience  finance  one  year  time  service  banker  company  need  money  industry,banking
 bank  banking  customer  business  financial  investment  also  service  banker  need  one  company  get  year  finance  account  start  loan  money  new,banking
 bank  banking  customer  investment  business  one  financial  time  also  experience  finance  account  get  service  company  need  banker  new  market  top,banking
 bank  banking  customer  investment  business  also  finance  service  financial  account  one  get  industry  uk  experience  time  money  need  company  banker,banking
 bank  banking  investment  customer  business  financial  finance  service  also  one  need  get  account  time  year  experience  industry  banker  like  company,banking
 bank  banking  customer  investment  business  financial  also  one  experience  time  account  year  company  work  banker  industry  need  money  make  get,banking
 bank  banking  customer  investment  business  also  financial  one  banker  time  account  finance  industry  year  service  need  get  money  loan  company,banking
 bank  customer  banking  business  investment  financial  finance  service  one  experience  time  industry  account  capital  also  year  job  need  get  company,banking
 bank  banking  customer  investment  service  business  also  financial  finance  account  one  money  banker  need  company  time  industry  year  may  work,banking
 bank  customer  banking  investment  financial  one  service  account  business  time  company  also  get  year  industry  finance  need  experience  banker  make,banking
 bank  banking  customer  investment  business  service  finance  need  time  industry  financial  banker  also  account  experience  credit  company  work  money  make,banking
 bank  banking  customer  investment  business  financial  one  finance  need  also  service  get  account  experience  company  year  loan  new  banker  time,banking
 bank  banking  investment  customer  service  business  financial  also  banker  time  finance  need  company  one  industry  get  year  work  uk  like,banking
 bank  banking  customer  business  investment  financial  finance  also  service  account  time  year  one  experience  get  industry  banker  need  company  new,banking
 bank  banking  investment  customer  business  service  account  need  one  time  industry  financial  experience  get  credit  youre  year  company  work  like,banking
 bank  banking  customer  investment  service  business  account  need  one  finance  financial  year  company  also  time  banker  industry  experience  money  credit,banking
 bank  banking  investment  customer  business  experience  service  one  finance  time  account  financial  also  year  need  money  industry  new  banker  loan,banking
 bank  banking  customer  investment  business  financial  finance  service  account  one  experience  time  also  need  work  company  get  year  banker  uk,banking
 synopsizing  recommended  concludes  bank  banking  investment  customer  one  certified  financial  service  business  also  need  account  finance  industry  experience  banker  time,banking
 bank  customer  banking  investment  business  financial  also  service  account  time  finance  year  experience  company  credit  get  need  banker  help  one,banking
 bank  investment  banking  customer  business  service  account  financial  also  need  time  company  finance  experience  banker  year  money  industry  one  get,banking
 bank  investment  banking  customer  financial  business  service  account  time  experience  one  need  get  banker  also  finance  industry  credit  work  company,banking
 bank  banking  customer  business  investment  one  financial  account  time  also  get  banker  service  need  experience  year  company  loan  credit  industry,banking
 bank  banking  customer  investment  service  financial  finance  also  account  business  need  one  year  company  time  banker  experience  money  capital  offer,banking
 bank  banking  investment  customer  financial  business  also  service  account  finance  one  company  need  get  industry  experience  year  time  banker  may,banking
 bank  banking  customer  investment  business  financial  also  industry  time  account  finance  one  service  get  banker  company  money  need  start  new,banking
 bank  banking  investment  business  customer  time  also  financial  service  need  account  one  company  finance  year  banker  experience  money  credit  get,banking
 bank  banking  customer  business  investment  financial  time  also  account  need  finance  industry  money  service  experience  one  year  get  banker  top,banking
 bank  banking  investment  customer  business  financial  also  one  need  service  time  industry  account  banker  credit  experience  get  company  finance  year,banking
 bank  banking  customer  investment  business  financial  account  also  service  finance  one  need  get  company  experience  year  industry  time  banker  india,banking
 bank  banking  investment  customer  service  business  company  get  financial  also  year  finance  credit  banker  one  account  time  experience  need  money,banking
 bank  banking  business  investment  customer  financial  year  also  account  one  service  time  get  company  credit  finance  experience  industry  banker  new,banking
 bank  banking  investment  business  customer  financial  service  get  account  need  finance  time  also  company  industry  one  credit  capital  job  new,banking
 bank  banking  customer  business  also  investment  account  service  time  company  financial  need  finance  one  get  experience  money  banker  industry  year,banking
Topics,Intent
 bank  banking  investment  business  financial  customer  also  service  account  need  time  experience  company  one  finance  banker  get  capital  year  new,banking
 bank  banking  investment  business  customer  financial  one  time  account  service  also  finance  banker  need  year  get  company  industry  new  capital,banking
 bank  investment  banking  customer  service  financial  business  account  one  also  company  finance  banker  year  time  need  industry  work  experience  get,banking
 bank  banking  customer  investment  financial  also  business  one  year  get  service  time  company  banker  need  industry  account  finance  experience  offer,banking
 bank  banking  customer  investment  business  service  also  one  finance  financial  year  company  banker  account  time  need  get  make  industry  money,banking
 bank  banking  customer  investment  business  finance  account  financial  time  company  service  banker  loan  work  one  also  year  money  job  experience,banking
 bank  customer  banking  investment  business  account  service  time  also  financial  get  finance  experience  company  one  industry  need  credit  year  loan,banking
 bank  banking  investment  customer  financial  business  also  finance  one  service  time  account  need  get  industry  job  company  make  experience  work,banking
 bank  banking  customer  investment  business  financial  also  service  finance  experience  need  get  time  account  year  credit  new  banker  one  job,banking
 bank  banking  investment  customer  business  one  financial  service  need  time  banker  account  also  get  finance  company  capital  work  year  money,banking
 bank  banking  investment  customer  business  service  also  financial  account  time  one  year  need  experience  banker  finance  industry  company  may  get,banking
 bank  banking  investment  customer  business  also  financial  account  finance  service  need  one  industry  experience  banker  get  credit  year  company  uk,banking
 bank  banking  customer  investment  financial  service  also  experience  business  account  banker  need  one  finance  time  get  job  new  year  credit,banking
 bank  banking  investment  business  customer  financial  also  service  one  experience  time  industry  finance  make  company  money  start  get  need  year,banking
 bank  banking  investment  business  customer  also  account  financial  service  company  one  experience  time  industry  finance  year  new  get  credit  work,banking
 bank  banking  customer  business  investment  financial  need  one  get  time  service  account  also  finance  company  money  industry  offer  help  banker,banking
 bank  banking  investment  customer  financial  business  account  service  one  time  year  also  company  get  banker  make  finance  capital  money  credit,banking
 bank  banking  customer  investment  business  account  service  company  also  experience  financial  industry  finance  get  banker  year  time  one  need  start,banking
 bank  banking  customer  investment  business  also  time  one  financial  account  finance  service  banker  experience  industry  get  capital  money  job  work,banking
 bank  banking  investment  customer  business  account  one  finance  financial  time  also  year  banker  company  service  experience  need  job  india  work,banking
 bank  banking  investment  customer  financial  also  account  business  service  need  one  time  banker  experience  make  get  year  loan  capital  new,banking
 bank  banking  customer  investment  financial  service  also  account  business  one  finance  experience  get  need  time  banker  company  may  year  money,banking
 bank  banking  investment  customer  business  financial  also  account  service  get  one  banker  need  time  year  money  industry  finance  work  experience,banking
 bank  banking  customer  investment  business  service  finance  financial  one  also  banker  account  year  get  time  loan  industry  new  company  experience,banking
 bank  banking  customer  investment  business  financial  service  also  account  one  time  finance  need  company  get  experience  banker  year  industry  money,banking
 bank  banking  customer  investment  financial  service  also  business  one  account  need  uk  time  industry  finance  get  company  first  experience  make,banking
 bank  banking  customer  investment  business  service  financial  also  time  finance  one  account  need  get  banker  industry  year  experience  work  company,banking
 bank  banking  investment  business  customer  financial  account  banker  need  time  service  also  finance  one  get  year  work  industry  experience  company,banking
 bank  banking  customer  investment  business  financial  service  one  account  also  get  company  time  finance  make  year  banker  credit  job  need,banking
 bank  investment  banking  customer  financial  business  time  also  experience  account  service  need  one  company  get  finance  year  credit  banker  new,banking
 bank  banking  investment  customer  business  financial  service  also  finance  account  need  one  time  money  get  banker  year  company  experience  india,banking
 bank  banking  customer  investment  business  service  financial  time  one  money  finance  also  industry  experience  account  banker  company  work  need  top,banking
 bank  customer  banking  investment  business  also  financial  account  need  get  time  service  experience  one  credit  finance  banker  company  year  industry,banking
 bank  banking  customer  business  investment  financial  service  get  one  account  finance  also  time  need  industry  experience  company  year  money  help,banking
 bank  banking  investment  customer  business  account  financial  finance  banker  get  service  one  time  also  company  experience  industry  year  start  make,banking
 bank  banking  customer  investment  business  service  time  account  finance  also  company  financial  get  year  banker  need  industry  experience  money  start,banking
 bank  banking  customer  business  service  financial  investment  one  banker  company  need  time  make  also  finance  money  industry  account  credit  work,banking
 bank  banking  customer  investment  business  account  also  financial  one  year  company  experience  service  need  time  industry  finance  get  loan  like,banking
 bank  banking  customer  investment  service  also  financial  business  account  finance  time  company  need  one  year  get  job  start  money  credit,banking
 bank  banking  investment  customer  business  account  financial  service  company  also  finance  one  industry  time  year  credit  get  banker  work  need,banking
 bank  banking  customer  investment  business  financial  service  also  one  company  capital  year  need  time  money  experience  account  banker  finance  take,banking
 bank  banking  customer  investment  business  service  financial  account  get  one  also  need  year  time  finance  industry  company  loan  experience  money,banking
 bank  banking  customer  investment  financial  business  finance  get  also  service  account  year  one  need  experience  time  credit  work  take  industry,banking
 bank  customer  banking  investment  business  account  service  industry  finance  time  year  also  one  need  financial  get  experience  banker  work  start,banking
 bank  banking  customer  investment  business  financial  also  one  finance  time  account  year  experience  service  get  credit  need  company  banker  uk,banking
 bank  banking  customer  investment  business  financial  need  one  account  service  time  also  finance  money  get  industry  new  security  help  experience,banking
 bank  customer  banking  investment  service  financial  business  account  need  finance  time  one  also  money  company  new  experience  banker  work  industry,banking
 bank  banking  customer  investment  financial  account  business  finance  one  also  experience  need  year  industry  get  time  service  banker  company  work,banking
 bank  customer  banking  investment  business  service  financial  one  account  need  experience  also  money  credit  year  time  industry  get  finance  want,banking
 bank  banking  customer  investment  business  service  also  financial  account  finance  one  time  need  experience  banker  get  company  credit  loan  year,banking
 bank  banking  investment  customer  business  financial  service  account  year  also  one  company  experience  credit  industry  need  banker  time  finance  capital,banking
 bank  banking  investment  customer  financial  business  also  need  time  one  service  finance  industry  account  get  experience  credit  company  year  job,banking
 bank  banking  investment  customer  business  time  service  financial  also  banker  year  account  job  need  one  industry  get  company  credit  money,banking
 bank  banking  investment  customer  business  financial  time  account  industry  also  service  year  money  need  one  finance  experience  banker  get  company,banking
 bank  investment  banking  customer  business  service  also  financial  account  one  industry  time  finance  banker  year  money  experience  loan  need  company,banking
 bank  banking  investment  customer  business  financial  also  experience  account  need  one  service  time  company  finance  year  banker  industry  get  make,banking
 bank  banking  investment  customer  business  also  one  financial  service  company  banker  account  time  industry  finance  experience  get  credit  need  youre,banking
 bank  banking  customer  investment  financial  account  also  service  time  one  need  industry  year  business  company  credit  experience  finance  make  help,banking
 bank  banking  customer  investment  financial  business  need  also  service  one  time  finance  account  company  industry  banker  get  good  year  money,banking
 bank  banking  customer  investment  business  account  also  year  one  get  need  finance  company  industry  service  new  financial  time  banker  job,banking
 bank  investment  customer  banking  business  time  also  account  financial  finance  service  one  get  experience  money  industry  banker  make  need  capital,banking
 bank  customer  banking  investment  business  financial  service  account  also  one  banker  need  year  time  finance  credit  start  company  get  new,banking
 bank  banking  investment  customer  business  one  time  also  need  finance  company  get  account  year  service  financial  banker  industry  loan  may,banking
 bank  banking  investment  customer  business  service  account  financial  get  uk  also  time  banker  finance  need  one  company  like  industry  year,banking
 bank  banking  customer  investment  business  service  financial  account  one  finance  industry  also  company  year  banker  experience  time  job  get  need,banking
 bank  banking  investment  customer  also  financial  one  time  business  get  account  company  finance  need  service  credit  industry  money  banker  uk,banking
 bank  investment  banking  customer  business  also  financial  year  time  need  money  finance  company  get  service  account  experience  industry  india  one,banking
 bank  customer  banking  investment  business  also  one  service  account  time  financial  finance  need  industry  year  experience  banker  uk  company  start,banking
 bank  banking  investment  customer  business  time  also  account  industry  financial  finance  one  service  need  banker  get  start  experience  work  loan,banking
 bank  investment  banking  customer  business  also  financial  service  time  account  finance  one  banker  need  company  work  get  new  industry  start,banking
 bank  banking  investment  customer  business  year  one  account  service  need  finance  time  financial  industry  company  also  credit  experience  new  make,banking
 bank  customer  banking  business  investment  financial  time  one  also  service  get  industry  finance  banker  year  experience  need  credit  company  work,banking
 bank  banking  customer  business  investment  financial  time  service  account  also  finance  get  company  one  banker  year  money  need  make  industry,banking
 bank  banking  customer  service  investment  financial  business  time  account  also  year  need  finance  one  work  experience  credit  get  banker  company,banking
 bank  banking  investment  customer  financial  finance  time  service  one  business  account  also  company  get  industry  banker  year  work  need  money,banking
 bank  banking  customer  business  investment  financial  account  service  need  finance  time  year  one  company  experience  industry  also  banker  money  loan,banking
 bank  banking  investment  service  business  financial  customer  also  finance  account  need  experience  one  banker  time  industry  company  get  capital  year,banking
 bank  banking  investment  customer  financial  service  also  one  business  company  banker  year  need  get  finance  loan  industry  time  experience  account,banking
 bank  banking  investment  customer  financial  business  service  industry  company  also  time  need  one  account  experience  get  banker  year  loan  make,banking
 bank  investment  customer  banking  financial  need  business  finance  also  service  year  time  account  start  one  experience  new  banker  industry  get,banking
 bank  banking  customer  investment  also  account  business  financial  finance  time  company  service  capital  get  industry  one  need  experience  year  top,banking
 bank  banking  customer  investment  business  account  service  financial  one  finance  time  also  need  experience  year  get  company  banker  industry  help,banking
 bank  banking  customer  business  investment  also  financial  service  account  one  finance  need  company  time  year  work  credit  experience  loan  new,banking
 bank  banking  customer  investment  business  one  time  also  service  need  banker  experience  financial  credit  account  new  finance  industry  job  may,banking
 bank  customer  banking  investment  financial  service  one  business  finance  also  time  account  credit  company  need  banker  year  industry  get  uk,banking
 bank  banking  customer  investment  business  service  one  finance  account  also  financial  banker  need  experience  year  money  credit  industry  get  loan,banking
 bank  banking  customer  investment  business  service  one  account  financial  need  time  also  banker  get  year  make  money  finance  experience  security,banking
 bank  banking  customer  investment  business  one  financial  account  need  year  service  also  get  finance  industry  experience  company  time  may  job,banking
 bank  banking  customer  one  financial  service  business  investment  account  finance  get  need  company  also  industry  banker  capital  credit  top  experience,banking
 bank  banking  customer  investment  business  service  finance  financial  time  account  also  money  industry  need  get  one  make  banker  company  new,banking
 bank  banking  customer  business  investment  financial  one  time  also  company  year  account  banker  service  experience  industry  need  many  get  loan,banking
 bank  banking  customer  investment  financial  business  also  one  company  year  service  time  experience  account  banker  get  make  industry  need  capital,banking
 bank  banking  customer  service  business  investment  time  one  account  financial  also  experience  year  get  banker  need  loan  uk  company  finance,banking
 bank  customer  investment  banking  finance  business  also  account  company  financial  service  time  need  one  get  banker  industry  credit  year  work,banking
 bank  banking  customer  investment  business  also  service  time  finance  financial  one  need  get  banker  account  year  money  company  industry  credit,banking
 bank  banking  investment  customer  business  service  financial  account  get  also  time  one  banker  capital  offer  industry  need  company  year  finance,banking
 bank  investment  banking  customer  business  financial  also  service  one  account  time  experience  year  company  finance  industry  need  money  get  work,banking
 bank  banking  customer  investment  account  business  financial  new  service  experience  also  finance  get  industry  banker  time  company  need  one  may,banking
 bank  banking  customer  service  investment  business  one  account  time  financial  also  company  finance  get  banker  year  need  experience  top  work,banking
 bank  banking  business  customer  investment  financial  one  company  account  service  finance  also  industry  need  banker  time  work  get  credit  make,banking
 bank  customer  investment  banking  business  financial  also  service  account  company  year  time  need  get  work  one  experience  money  finance  credit,banking
 bank  banking  investment  customer  financial  finance  also  account  business  experience  money  need  banker  service  one  year  get  work  industry  youre,banking
 bank  banking  investment  customer  financial  business  finance  service  account  one  time  banker  industry  experience  get  also  need  company  year  work,banking
 bank  customer  banking  business  financial  investment  also  time  service  industry  finance  one  credit  account  experience  need  money  year  loan  company,banking
 bank  banking  customer  investment  business  financial  also  service  time  one  get  account  company  industry  need  finance  year  make  like  experience,banking
 bank  banking  customer  investment  business  also  account  financial  one  service  year  money  banker  time  new  capital  need  get  industry  experience,banking
 bank  investment  customer  banking  business  one  also  financial  service  account  get  need  experience  company  industry  finance  time  year  money  new,banking
 bank  banking  customer  investment  business  financial  service  industry  also  experience  time  account  finance  company  one  banker  year  offer  community  may,banking
 bank  banking  investment  customer  business  service  financial  need  account  finance  time  money  banker  one  get  new  industry  job  also  experience,banking
 bank  banking  customer  investment  business  service  financial  also  account  time  one  get  need  experience  company  banker  money  industry  year  job,banking
 bank  banking  investment  customer  also  business  financial  service  time  finance  company  account  year  get  one  banker  need  help  capital  market,banking
 bank  banking  investment  business  customer  also  account  one  financial  service  industry  time  finance  company  need  experience  banker  credit  year  work,banking
 bank  banking  customer  investment  financial  business  account  need  also  year  service  one  company  get  time  banker  finance  experience  make  credit,banking
 bank  banking  customer  investment  business  account  service  financial  finance  need  also  time  get  money  year  company  industry  banker  one  loan,banking
 bank  banking  investment  customer  financial  one  also  business  finance  account  service  industry  money  year  experience  need  get  work  credit  capital,banking
 bank  customer  investment  business  banking  service  finance  year  also  financial  need  company  industry  time  account  one  first  credit  may  banker,banking
 bank  banking  customer  investment  business  finance  financial  one  service  time  account  also  banker  year  capital  work  industry  job  experience  uk,banking
 bank  banking  investment  customer  business  service  need  financial  account  time  finance  also  banker  one  industry  year  experience  credit  company  new,banking
 bank  investment  banking  customer  business  financial  one  service  banker  also  time  finance  company  get  industry  need  money  account  year  first,banking
 bank  banking  customer  financial  business  service  investment  also  account  company  need  experience  year  get  banker  one  time  finance  work  industry,banking
 bank  banking  customer  investment  business  financial  also  finance  year  industry  account  service  time  need  one  capital  banker  experience  get  help,banking
 bank  banking  investment  business  customer  account  financial  finance  also  service  industry  time  need  banker  year  experience  company  one  make  new,banking
 bank  banking  investment  customer  financial  business  service  banker  company  finance  account  time  industry  new  experience  like  need  also  one  get,banking
 bank  customer  banking  investment  business  also  financial  one  service  finance  get  company  need  banker  experience  year  industry  time  money  credit,banking
 bank  banking  customer  investment  service  business  also  financial  experience  banker  account  one  time  need  year  company  finance  work  industry  loan,banking
 bank  banking  customer  investment  business  financial  account  one  year  also  time  industry  company  service  get  banker  experience  credit  may  money,banking
 bank  banking  customer  investment  time  also  service  business  financial  finance  year  get  experience  company  one  banker  need  account  industry  loan,banking
 bank  banking  investment  customer  financial  business  service  time  one  company  get  account  also  need  money  industry  make  finance  new  banker,banking
 bank  banking  customer  investment  financial  business  service  also  account  company  need  get  time  finance  money  experience  credit  like  work  year,banking
 bank  banking  investment  customer  business  financial  service  finance  get  make  account  time  experience  one  need  year  also  first  company  new,banking
 bank  customer  banking  investment  business  account  also  service  company  financial  one  time  year  need  finance  industry  banker  experience  make  uk,banking
 bank  banking  investment  business  customer  time  service  get  financial  experience  account  banker  also  industry  money  one  finance  year  need  work,banking
 bank  banking  customer  investment  business  service  one  industry  time  also  credit  financial  company  banker  finance  experience  get  money  account  new,banking
 bank  banking  investment  customer  business  service  financial  account  finance  one  also  time  get  company  banker  year  industry  like  experience  credit,banking
 bank  investment  banking  customer  business  account  one  also  banker  finance  company  industry  service  experience  time  money  financial  need  get  credit,banking
 bank  banking  customer  investment  business  time  financial  service  account  also  industry  one  company  experience  banker  finance  credit  loan  get  year,banking
 bank  investment  customer  banking  service  account  also  financial  year  business  need  banker  one  capital  company  industry  time  finance  get  work,banking
 bank  banking  investment  customer  service  business  finance  time  account  financial  get  industry  also  work  banker  one  experience  company  need  help,banking
 bank  banking  investment  customer  business  financial  account  also  service  one  finance  industry  time  need  banker  money  year  get  offer  job,banking
 bank  banking  investment  customer  business  financial  service  one  also  account  get  banker  finance  company  industry  work  time  experience  credit  like,banking
 bank  banking  customer  investment  business  financial  account  also  one  time  finance  banker  company  need  service  year  experience  job  get  credit,banking
 onpremises  strange  habitually  cravath  bank  banking  customer  skewed  investment  service  financial  business  experience  finance  need  industry  year  time  one  money,banking
 bank  banking  customer  investment  service  financial  also  business  finance  experience  account  time  banker  industry  one  company  new  need  get  make,banking
 bank  banking  customer  business  investment  financial  finance  experience  service  one  also  account  need  get  industry  year  time  money  company  banker,banking
 bank  banking  customer  investment  financial  business  service  also  banker  account  year  one  need  experience  time  company  finance  loan  industry  get,banking
 bank  banking  investment  customer  business  account  also  financial  finance  get  service  experience  year  time  credit  start  need  one  industry  new,banking
 bank  banking  customer  investment  business  also  account  financial  one  service  company  get  need  experience  year  help  banker  like  finance  time,banking
 bank  banking  investment  business  customer  service  one  financial  time  need  company  finance  also  money  account  industry  experience  banker  get  loan,banking
 bank  banking  investment  customer  business  one  service  financial  account  need  experience  banker  industry  get  time  also  security  year  work  money,banking
 bank  banking  customer  also  service  investment  business  need  financial  year  finance  industry  account  get  one  time  company  experience  uk  banker,banking
 bank  banking  customer  investment  financial  account  business  also  service  time  need  one  banker  company  finance  year  experience  credit  new  work,banking
 bank  banking  investment  customer  business  also  financial  company  service  finance  time  experience  one  account  need  year  start  get  make  capital,banking
 bank  banking  investment  customer  business  financial  time  account  service  also  one  industry  company  need  banker  make  get  finance  experience  work,banking
 bank  banking  customer  investment  business  service  financial  also  one  account  need  banker  company  industry  work  security  finance  time  like  money,banking
 bank  banking  customer  investment  financial  time  business  service  finance  year  also  company  account  one  need  money  get  industry  banker  credit,banking
 bank  banking  investment  customer  business  financial  finance  also  time  industry  one  service  year  account  get  money  may  need  experience  company,banking
 bank  banking  investment  customer  business  company  service  financial  account  also  need  industry  year  one  finance  experience  get  credit  time  starting,banking
 bank  banking  customer  investment  financial  business  also  service  time  get  account  need  one  finance  year  banker  company  experience  money  work,banking
 bank  banking  customer  investment  business  financial  also  service  finance  get  industry  time  year  need  one  money  credit  account  banker  loan,banking
 bank  banking  investment  customer  service  financial  business  finance  time  account  also  get  one  company  industry  banker  year  credit  work  experience,banking
 bank  banking  investment  customer  business  financial  also  get  account  one  banker  make  time  need  finance  service  industry  company  loan  experience,banking
 bank  customer  banking  investment  business  finance  one  need  year  time  also  account  service  company  get  industry  financial  banker  experience  credit,banking
 bank  banking  customer  business  investment  financial  service  year  one  account  finance  company  also  experience  get  need  make  time  banker  uk,banking
 bank  banking  customer  business  need  investment  financial  account  also  finance  service  company  one  get  time  experience  first  industry  banker  offer,banking
 bank  banking  customer  business  investment  service  financial  finance  also  one  credit  time  account  industry  banker  company  get  need  year  top,banking
 bank  banking  business  customer  investment  financial  also  time  need  get  one  work  year  finance  company  make  account  banker  security  service,banking
 bank  banking  investment  customer  financial  account  business  also  get  experience  finance  one  year  time  service  banker  company  need  money  industry,banking
 bank  banking  customer  business  financial  investment  also  service  banker  need  one  company  get  year  finance  account  start  loan  money  new,banking
 bank  banking  customer  investment  business  one  financial  time  also  experience  finance  account  get  service  company  need  banker  new  market  top,banking
 bank  banking  customer  investment  business  also  finance  service  financial  account  one  get  industry  uk  experience  time  money  need  company  banker,banking
 bank  banking  investment  customer  business  financial  finance  service  also  one  need  get  account  time  year  experience  industry  banker  like  company,banking
 bank  banking  customer  investment  business  financial  also  one  experience  time  account  year  company  work  banker  industry  need  money  make  get,banking
 bank  banking  customer  investment  business  also  financial  one  banker  time  account  finance  industry  year  service  need  get  money  loan  company,banking
 bank  customer  banking  business  investment  financial  finance  service  one  experience  time  industry  account  capital  also  year  job  need  get  company,banking
 bank  banking  customer  investment  service  business  also  financial  finance  account  one  money  banker  need  company  time  industry  year  may  work,banking
 bank  customer  banking  investment  financial  one  service  account  business  time  company  also  get  year  industry  finance  need  experience  banker  make,banking
 bank  banking  customer  investment  business  service  finance  need  time  industry  financial  banker  also  account  experience  credit  company  work  money  make,banking
 bank  banking  customer  investment  business  financial  one  finance  need  also  service  get  account  experience  company  year  loan  new  banker  time,banking
 bank  banking  investment  customer  service  business  financial  also  banker  time  finance  need  company  one  industry  get  year  work  uk  like,banking
 bank  banking  customer  business  investment  financial  finance  also  service  account  time  year  one  experience  get  industry  banker  need  company  new,banking
 bank  banking  investment  customer  business  service  account  need  one  time  industry  financial  experience  get  credit  youre  year  company  work  like,banking
 bank  banking  customer  investment  service  business  account  need  one  finance  financial  year  company  also  time  banker  industry  experience  money  credit,banking
 bank  banking  investment  customer  business  experience  service  one  finance  time  account  financial  also  year  need  money  industry  new  banker  loan,banking
 bank  banking  customer  investment  business  financial  finance  service  account  one  experience  time  also  need  work  company  get  year  banker  uk,banking
 synopsizing  recommended  concludes  bank  banking  investment  customer  one  certified  financial  service  business  also  need  account  finance  industry  experience  banker  time,banking
 bank  customer  banking  investment  business  financial  also  service  account  time  finance  year  experience  company  credit  get  need  banker  help  one,banking
 bank  investment  banking  customer  business  service  account  financial  also  need  time  company  finance  experience  banker  year  money  industry  one  get,banking
 bank  investment  banking  customer  financial  business  service  account  time  experience  one  need  get  banker  also  finance  industry  credit  work  company,banking
 bank  banking  customer  business  investment  one  financial  account  time  also  get  banker  service  need  experience  year  company  loan  credit  industry,banking
 bank  banking  customer  investment  service  financial  finance  also  account  business  need  one  year  company  time  banker  experience  money  capital  offer,banking
 bank  banking  investment  customer  financial  business  also  service  account  finance  one  company  need  get  industry  experience  year  time  banker  may,banking
 bank  banking  customer  investment  business  financial  also  industry  time  account  finance  one  service  get  banker  company  money  need  start  new,banking
 bank  banking  investment  business  customer  time  also  financial  service  need  account  one  company  finance  year  banker  experience  money  credit  get,banking
 bank  banking  customer  business  investment  financial  time  also  account  need  finance  industry  money  service  experience  one  year  get  banker  top,banking
 bank  banking  investment  customer  business  financial  also  one  need  service  time  industry  account  banker  credit  experience  get  company  finance  year,banking
 bank  banking  customer  investment  business  financial  account  also  service  finance  one  need  get  company  experience  year  industry  time  banker  india,banking
 bank  banking  investment  customer  service  business  company  get  financial  also  year  finance  credit  banker  one  account  time  experience  need  money,banking
 bank  banking  business  investment  customer  financial  year  also  account  one  service  time  get  company  credit  finance  experience  industry  banker  new,banking
 bank  banking  investment  business  customer  financial  service  get  account  need  finance  time  also  company  industry  one  credit  capital  job  new,banking
 bank  banking  customer  business  also  investment  account  service  time  company  financial  need  finance  one  get  experience  money  banker  industry  year,banking
